,TARGET(PRICE_IN_LACS)
0,45.706
1,73.78
2,48.953
3,64.342
4,87.24
5,110.131
6,111.0333333
7,165.464
8,71.79
9,68.373
10,224.813
11,37.569
12,40.975
13,56.74421849
14,72.475
15,59.707
16,576.44
17,43.246
18,50.672
19,92.866
20,64.975
21,56.283
22,56.549
23,74.663
24,23.99
25,90.575
26,19.087
27,135.825
28,55.19183333
29,71.94
30,51.459
31,41.835
32,85.95
33,31.612
34,91.6285
35,73.257
36,95.806
37,63.248
38,60.808
39,52.029
40,53.372
41,357
42,159.65
43,302.25
44,34.009
45,58.318
46,71.776
47,124.25
48,53.798
49,288.95
50,34.331
51,25.959
52,108.482
53,39.99
54,47.353
55,79.526
56,28.717
57,39.268
58,128.878
59,180.35
60,35.7355
61,50.668
62,123.98
63,54.39741667
64,25.12
65,44.44
66,419.7
67,27.9025
68,45.91
69,43.637
70,134.12
71,37.544
72,101.27
73,141
74,138.486
75,47.507
76,40.93
77,51.788
78,439.2
79,93.42
80,127.6
81,50.43833333
82,106.23
83,44.668
84,62.34716667
85,26.706
86,39.08
87,22.213
88,87.69
89,29.473
90,58.21
91,64.784
92,48.816
93,40.82860714
94,48.809
95,48
96,105.9997619
97,106.62
98,80.902
99,44.429
100,75.71
101,129.08
102,39.362
103,47.281
104,113.967
105,55.334
106,96.658
107,44.445
108,52.82594661
109,104.71
110,46.04
111,25.9335
112,36.20525
113,78.38
114,192.85
115,18.782
116,52.941
117,35.29
118,39.22
119,84.65
120,33.826
121,69.559
122,23.868
123,60.79
124,54.455
125,24.934
126,107.998
127,107.566
128,36.245
129,24.145
130,64.614
131,258.4
132,88.379
133,34.838
134,52.598
135,47.67933333
136,63.162
137,63.69
138,97.38706349
139,21.15
140,23.798
141,54.1875
142,262.6
143,16.156
144,43.092
145,142.51
146,35.814
147,49.25266667
148,132.5
149,21.3
150,56.986
151,40.066
152,51.89
153,143.866
154,85.685
155,18.518
156,93.011
157,38.35533333
158,132.565
159,109.156
160,34.103
161,63.595
162,61.482
163,33.07401429
164,34.859
165,29.7195
166,27.129
167,32.44
168,111.705
169,25.996
170,97.13
171,47.4475
172,76.323
173,111.785
174,28.368
175,111.741
176,24.123
177,57.475
178,53.896
179,64.167
180,65.017
181,92.95
182,23.24540476
183,37.29919048
184,106.124
185,206.76
186,28.686
187,50.8441
188,41.6075
189,75.87
190,71.655
191,54.264
192,61.61
193,35.905
194,213.3
195,39.137
196,26.555
197,37.6025
198,108.1
199,730.73
200,30.176
201,83.04
202,37.86
203,101.946
204,78.19
205,75.865
206,82.32
207,71.554
208,23.16
209,58.039
210,122.476
211,85.006
212,65.175
213,100.674
214,70.627
215,196.31
216,76.8333417
217,22.062
218,88.292
219,47.73
220,79.9
221,135.8242857
222,20.39775
223,51.139
224,51.91
225,114.61
226,41.53333333
227,260.135
228,60.504
229,23.18981818
230,128.5207143
231,60.5
232,75.05
233,60.855
234,104.224
235,48.34790476
236,32.878
237,117.1469928
238,59.885
239,235.7
240,64.09
241,82.74
242,189.28
243,103.756
244,53.245
245,84.33
246,31.61
247,51.454
248,66.757
249,141.8
250,77.335
251,22.753
252,135.326
253,89.31
254,76.7725
255,52.626
256,46.645
257,84.538
258,46.172
259,54.876
260,62.529
261,154.664
262,404.1
263,96.732
264,18.128
265,60.516
266,54.127
267,61.593
268,309.64
269,60.533
270,68.785
271,39.963
272,50.933
273,91.326
274,60.469
275,61.092
276,269.372
277,101.3999921
278,64.578
279,23.5637381
280,59.27
281,94.89
282,36.8835
283,192.98
284,47.179
285,85.398
286,87.641
287,96.666
288,29.961
289,24.553
290,34.478
291,70.379
292,82.868
293,53.282
294,100.8
295,131.2991667
296,156.074
297,47.603
298,116.188
299,53.714
300,88.072
301,17.978
302,34.196
303,81.386
304,347.5
305,99.95
306,103.13
307,39.473
308,39.506
309,24.443
310,85.01246667
311,67.243
312,32.027
313,63.523
314,96.33
315,35.648
316,66.009
317,47.648
318,67.092
319,46.37990476
320,26.12333333
321,103.716
322,49.37
323,47.868
324,41.664
325,66.44833333
326,96.14
327,124.45
328,57.41690476
329,70.045
330,85.353
331,294
332,175.3
333,127.33
334,56.975
335,85.947
336,60.268
337,14.513
338,62.156
339,143.74
340,70.842
341,69.094
342,161.5
343,30.878
344,71.554
345,85.312
346,194.076
347,77.47
348,30.435
349,158.4
350,45.46914286
351,119.66
352,281.5
353,126.734
354,53.731
355,79.378
356,137.9366667
357,280.527
358,27.76
359,94.369
360,71.454
361,23.084
362,44.11433333
363,76.45
364,100.962
365,43.263
366,35.852
367,40.196
368,71.434
369,58.519
370,70.986
371,42.712
372,47.27
373,85.3505
374,66.575
375,42.114
376,31.91875
377,62.7
378,61.53880952
379,149.197
380,17.471
381,73
382,61.741
383,37.095
384,94.41
385,45.546
386,160.56
387,59.39
388,139.45
389,19.845
390,29.18
391,91.703
392,57.729
393,55.11
394,33.175
395,65.6
396,37.057
397,115.56
398,80.379
399,67.947
400,63.138
401,69.6
402,55.403
403,79.323
404,155.075
405,105.88
406,73.81583333
407,71.314
408,269.95
409,15.84
410,26.39983184
411,138.996
412,153.327
413,38.317
414,145.001
415,34.79233333
416,39.978
417,61.8062
418,29.176
419,68.75
420,56.845
421,63.509
422,90.583
423,168.11
424,75.954
425,68.555
426,377.45
427,63.016
428,281
429,278.869
430,20.76
431,169.1
432,55.605
433,41.347
434,68.845
435,270.532
436,202.55
437,290.8
438,38.159
439,197.6
440,46.36733333
441,110.472
442,123.121
443,86.889
444,68.351
445,59.24909524
446,32.0325
447,344.5
448,34.652
449,55.505
450,67.845
451,145.416
452,47.08
453,83.924
454,69.638
455,18.762
456,17.2
457,174.09
458,170
459,1063.7
460,126.0673735
461,68.074
462,12.7
463,63.275
464,73.464
465,179.479
466,128.58
467,82.121
468,36.9705
469,40.359
470,53.1
471,38.731
472,135.1895062
473,82.98
474,124.888
475,43.719
476,52.644
477,19.294
478,139.58
479,68.98
480,27.85
481,35.634
482,87.84857143
483,33.674
484,178.35
485,112.234
486,35.524
487,63.108
488,116.979
489,59.205
490,50.3585
491,182.4
492,89.8395
493,105.24
494,17.849
495,79.216
496,27.572
497,123.004
498,35.79
499,26.267
500,27.191
501,89.32
502,87.775
503,66.34
504,121.44
505,45.618
506,43.709
507,47.67933333
508,34.648
509,29.184
510,92.62166667
511,56.53
512,182.27345
513,109.428
514,44.13797063
515,78.231
516,58.952
517,56.686
518,94.136
519,23.634
520,82.405
521,125.841
522,50.316
523,36.638
524,58.819
525,51.249
526,98.847
527,311.6
528,174.5
529,19.564
530,62.27
531,25.2365
532,61.796
533,59.998
534,22.4659
535,100.36
536,68.388
537,23.757
538,21.85533333
539,36.26333333
540,54.486
541,167.282
542,40.345
543,53.659
544,55.566
545,38.395
546,46.229
547,33.554
548,34.706
549,26.90345
550,23.259
551,66.171
552,131.282
553,15.636
554,79.115
555,34.77
556,258.4
557,85.644
558,69.6
559,27.51152381
560,50.2155
561,41.61
562,96.56
563,20.361
564,73.2
565,45.979
566,147.95
567,36.05
568,66.78
569,53.446
570,53.582
571,78.18
572,164.5
573,101.554
574,56.17
575,72.08
576,40.145
577,38.233
578,63.035
579,132.5
580,46.543
581,63.04858333
582,59.87
583,89.49
584,35.5
585,134.3
586,83.80589772
587,73.668
588,58.4495
589,77.426
590,44.54
591,52.509
592,82.925
593,48.005
594,71.21
595,48.496
596,25.917
597,42.976
598,54.158
599,36.245
600,84.11611111
601,37.966
602,195
603,17.247
604,21.5215
605,83.31
606,90.754
607,66.279
608,209.4
609,27.191
610,35.097
611,69.791
612,36.648
613,237.5
614,10.96066667
615,40.24
616,123.65
617,61.19
618,34.248
619,43.279
620,53.9374
621,78.62
622,51.54
623,35.59
624,91.406
625,33.989
626,146.26
627,17.48266667
628,47.859
629,294.7
630,111.44
631,111.24
632,36.436
633,494.1
634,60.856
635,129.3
636,32.305
637,40.781
638,72.88633333
639,60.56
640,109.864
641,117.998
642,17.302
643,93.615
644,203.25
645,54.489
646,30.435
647,60.602
648,89.572
649,65.568
650,88.83608097
651,167.55
652,34.29935714
653,92.89
654,120.9
655,53.9175
656,58.371
657,80.35
658,152.289
659,83.175
660,123.0591667
661,30.773
662,37.13266667
663,65.7775
664,56.105
665,37.551
666,132.715
667,57.319
668,83.599
669,50.683
670,50.114
671,138.85
672,95.529
673,50.579
674,68.914
675,44.4015
676,40.259
677,55.94
678,19.88589286
679,71.747
680,70.393
681,168.53
682,23.561
683,35.805
684,928.2
685,54.501
686,34.348
687,40.777
688,64.816
689,31.87038889
690,281
691,67.31625
692,417.942381
693,64.995
694,29.17
695,94.5
696,38.20666667
697,284.03
698,54.843
699,36.545
700,128.3
701,19.028
702,75.62
703,92.357
704,201.1
705,81.32
706,30.89725
707,31.681
708,26.408
709,56.07
710,94.306
711,114.788
712,62.397
713,46.314
714,86.19
715,153.3
716,14.869
717,50.2155
718,35.076
719,43.856
720,158.08
721,109.87
722,29.078
723,41.578
724,17.297
725,51.647
726,52.115
727,77.718
728,25.13
729,31.50233333
730,72.547
731,83.32
732,48.076
733,34.035
734,106.66
735,115.655
736,124.291
737,34.259
738,121.64
739,25.336
740,31.697
741,490.605
742,31.38
743,25.55
744,76.8333417
745,56.72133333
746,99.596
747,91.55
748,117.983
749,88.68033333
750,113.0525
751,45.26
752,55.3761
753,258.614
754,61.258
755,159.11
756,114.74
757,81.42
758,18.326
759,78.96
760,74.1905
761,39.097
762,275.47
763,205.55
764,122.6463333
765,108.95
766,53.3
767,116.654
768,26.616
769,58.912
770,48.029
771,43.62416667
772,25.866
773,26.191
774,56.781
775,36.02385714
776,39.406
777,100.9
778,48.64
779,60.792
780,35.1885
781,119.72
782,49.095
783,94.635
784,92.293
785,667.15
786,251.024
787,31.232
788,26.728
789,91.8753118
790,444.6
791,140.308
792,60.684
793,40.829
794,94.15
795,16.649
796,30.403
797,52.507
798,29.553
799,130.66
800,57.615
801,23.888
802,30.179
803,37.869
804,116.88
805,187.372
806,35.12619048
807,126.0965
808,70.175
809,55.779
810,18.3
811,127.98
812,109.676
813,226.1828571
814,23.319
815,96.735
816,118.415
817,68.15
818,52.276
819,80.005
820,72.946
821,124.2238889
822,147.345
823,45.67956746
824,50.008
825,46.289
826,25.967
827,26.555
828,104.14
829,27.34
830,50.475
831,59.02
832,112.0016667
833,92.38
834,38.57
835,126.496
836,138.64
837,121.18
838,51.81
839,20.481
840,36.99
841,35.658
842,51.554
843,319.921
844,208.26
845,38.409
846,32.412
847,62.404
848,27.771
849,54.82
850,81.422
851,39.353
852,74.52
853,27.629
854,207.462
855,40.93
856,55.725
857,41.29633333
858,45.723
859,36.57
860,91.25
861,40.955
862,178.68
863,57.701
864,274
865,78.46366667
866,76.104
867,29.08656818
868,73.88616667
869,32.462
870,57.274
871,20.375
872,90.83
873,52.972
874,51.64
875,46.501
876,48.36
877,55.087
878,45.332
879,256.9
880,53.157
881,204.504
882,117.79
883,64.896
884,107.02
885,82.07346429
886,30.529
887,146.691
888,46.13
889,122.449
890,35.176
891,19.48
892,65.14058333
893,57.993
894,142.46
895,76.38
896,57.893
897,95.858
898,104.03
899,111.6490833
900,257.7
901,40.20069252
902,42.743
903,162.4875
904,63.53266667
905,64.909
906,275.896
907,134.7
908,71.41083333
909,39.58816667
910,41.736
911,171.3
912,128.5652591
913,74.0535
914,33.659
915,180.5019048
916,66.25685714
917,95.08
918,34.49466667
919,85.595
920,47.871
921,35.306
922,59.855
923,41.921
924,62.524
925,143.85
926,50.151
927,154.8895
928,198.7
929,78.518
930,58.171
931,34.855
932,62.453
933,16.97
934,33.14889799
935,74.28166667
936,47.066
937,53.78
938,15.358
939,35.608
940,74.49
941,35.043
942,61.681
943,92.015
944,301.1
945,61.977
946,61.71533333
947,32.442
948,38.609
949,60.464
950,648.1
951,44.59519048
952,306.9
953,20.616
954,134.853
955,134.17
956,220.4
957,64.807
958,92.075
959,135.9
960,44.783
961,95.09
962,32.712
963,87.256
964,55.09133333
965,19.07
966,38.405
967,22.605
968,21.0955
969,74.95542857
970,70.58
971,51.65
972,48.16
973,37.847
974,72.4
975,36.78016667
976,75.145
977,99.005
978,75.24
979,1441.1
980,34.174
981,81.672
982,43.77
983,62.063
984,17.453
985,98.105
986,14.89
987,41.939
988,76.488
989,79.529
990,83.829
991,33.495
992,42.73766667
993,28.89
994,24.763
995,95.799
996,55.639
997,58.68966667
998,38.384
999,253.498
1000,81.43897619
1001,34.357
1002,189.75
1003,28.32333333
1004,57.47
1005,66.217
1006,60.185
1007,29.7395
1008,230.08
1009,63.83
1010,25.635
1011,30.619
1012,31.504
1013,52.431
1014,67.247
1015,74.885
1016,33.443
1017,19.059
1018,89.75
1019,26.935
1020,104.935
1021,166.02
1022,141.4
1023,83.653
1024,437.6
1025,31.365
1026,112.2
1027,46.506
1028,106.016
1029,177.338
1030,68.625
1031,43.04077922
1032,53.622
1033,234.4
1034,132.23
1035,78.9945873
1036,95.3
1037,62.202
1038,58.165
1039,59.659
1040,101.185
1041,237.063
1042,91.25
1043,51.08
1044,39.5815
1045,21.345
1046,34.94487879
1047,16.62
1048,36.461
1049,75.895
1050,59.2
1051,536.1
1052,59.054
1053,385.704
1054,114.94
1055,63.141
1056,18.39395238
1057,117.134
1058,17.7085
1059,121.87
1060,17.675
1061,68.167
1062,130
1063,38.837
1064,54.90705309
1065,14.5822619
1066,59.098
1067,307.4323333
1068,62.494
1069,95.799
1070,93.376
1071,95.97261905
1072,29.512
1073,23.2487381
1074,75.827
1075,53.746
1076,84.5
1077,235.1
1078,61.23
1079,31.953
1080,93.735
1081,21.356
1082,66.051
1083,47.451
1084,119.6295
1085,41.898
1086,34.021
1087,62.37080952
1088,49.723
1089,60.044
1090,27.945
1091,41.401
1092,48.618
1093,41.198
1094,27.822
1095,205.962
1096,63.99
1097,26.97
1098,88.335
1099,23.673
1100,91.9
1101,98.9455
1102,86.93986667
1103,56.55
1104,52.58
1105,97.501
1106,76.85041667
1107,280.527
1108,30.707
1109,36.05
1110,179.477
1111,169.028
1112,45.689
1113,22.622
1114,39.31313095
1115,33.152
1116,33.609
1117,70.66
1118,19.57
1119,61.327
1120,63.025
1121,204.49
1122,23.0305
1123,56.281
1124,73.2
1125,76.78
1126,251.1
1127,48.265
1128,30.054
1129,160.54
1130,404.2
1131,73.475
1132,27.145
1133,57.466
1134,95.09
1135,50.35
1136,118.554
1137,91.768
1138,145.648
1139,18.036
1140,25.064
1141,73.56
1142,238.7
1143,46.04
1144,34.488
1145,40.08
1146,75.72
1147,93.715
1148,216.188
1149,42.3440123
1150,106.69
1151,76.105
1152,82.70416667
1153,93.19983333
1154,75.05
1155,50.2155
1156,38.115
1157,57.095
1158,83.718
1159,178.19
1160,62.62
1161,41.076
1162,71.57159524
1163,45.324
1164,192.56
1165,103.575
1166,166.88
1167,14.783
1168,35.86241667
1169,34.52233333
1170,408.9
1171,104.44
1172,142.85
1173,38.936
1174,741.8666667
1175,69.6
1176,30.07490152
1177,61.172
1178,24.987
1179,32.725
1180,10.96066667
1181,43.246
1182,67.36
1183,40.722
1184,34.8021619
1185,111.259
1186,78.75966667
1187,26.629
1188,34.113
1189,98.6
1190,42.019
1191,15.651
1192,43.228
1193,37.18661905
1194,231.5
1195,78.652
1196,55.27866667
1197,46.85165215
1198,60.002
1199,70.562
1200,58.09
1201,29.03742677
1202,186.97
1203,99.626
1204,66.96
1205,59.89933333
1206,30.96619048
1207,112.52
1208,69.99
1209,40.999
1210,75.711
1211,272.8
1212,67.624
1213,128.7886667
1214,49.531
1215,45.165
1216,16.366
1217,219.5228571
1218,96.86333333
1219,42.807
1220,39.422
1221,99.34333333
1222,59.995
1223,37.423
1224,83.722
1225,45.592
1226,114.72
1227,161.59
1228,57.35
1229,24.845
1230,167.36
1231,81.92225
1232,62.29
1233,45.64
1234,74.86
1235,139.676
1236,88.56
1237,68.341
1238,109.393
1239,57.837
1240,54.23
1241,30.578
1242,62.913
1243,323.04
1244,95.52
1245,23.598
1246,38.5352
1247,68.939
1248,42.38033333
1249,37.2254
1250,35.483
1251,81.777
1252,20.307
1253,49.746
1254,116.47
1255,36.36566667
1256,94.93
1257,39.22177143
1258,40.94544444
1259,84.486
1260,38.577
1261,51.958
1262,21.42983333
1263,69.038
1264,315.3
1265,93
1266,29.97420862
1267,100.2
1268,416.9
1269,69.3017
1270,180.2333333
1271,47.105
1272,104.632
1273,80.462
1274,56.53
1275,63.95
1276,62.1
1277,45.769
1278,19.056
1279,49.669
1280,45.521
1281,30.95
1282,88.405
1283,101.056
1284,67.99
1285,162.546
1286,40.20757143
1287,276.8
1288,32.526
1289,140.608
1290,48.547
1291,27.91398485
1292,47.826
1293,46.2994
1294,117.61
1295,47.77072619
1296,178.39
1297,22.892
1298,48.612
1299,133.0941667
1300,23.349
1301,83.67
1302,15.305
1303,131.1
1304,46.42626429
1305,48.79
1306,52.622
1307,41.74
1308,153.8801667
1309,147.49
1310,70.681
1311,678.9
1312,28.644
1313,31.837
1314,45.151
1315,50.62
1316,52.04
1317,42.121
1318,27.685
1319,55.68
1320,69.05
1321,15.056
1322,32.909
1323,72.91
1324,61.145
1325,257.28
1326,19.63833333
1327,85.244
1328,66.74666667
1329,91.965
1330,63.087
1331,60.54
1332,78.19
1333,102.448
1334,35.86070767
1335,175.1
1336,42.31
1337,49.337
1338,80.71
1339,53.789
1340,20.599
1341,52.35
1342,30.207
1343,67.718
1344,196.5
1345,56.09
1346,54.65
1347,36.129
1348,54.907
1349,49.35
1350,131.52
1351,35.309
1352,122.538
1353,34.624
1354,37.463
1355,227.8
1356,240.4
1357,22.615
1358,77.331
1359,61.334
1360,15.909
1361,18.073
1362,53.54
1363,356.7
1364,33.14983333
1365,21.075
1366,292.7
1367,166.43
1368,127.89
1369,95.258
1370,274.56
1371,24.715
1372,138.325
1373,26.547
1374,146.37
1375,416.8
1376,59.997
1377,204.572
1378,57.832
1379,73.66
1380,39.422
1381,57.505
1382,95.97
1383,129.056
1384,432.5
1385,157.212
1386,135
1387,70.619
1388,144.1
1389,32.76891667
1390,48.353
1391,24.122
1392,70.353
1393,117.029
1394,41.599
1395,52.1208
1396,27.94433333
1397,79.596
1398,68.406
1399,94.913
1400,100.387
1401,47.424
1402,180.5
1403,64.3375
1404,55.78133333
1405,46.78
1406,43.798
1407,20.83
1408,64.72904762
1409,56.933
1410,56.25
1411,34.752
1412,18.3265
1413,51.718
1414,60.615
1415,179.66
1416,33.687
1417,76.842
1418,45.499
1419,39.35
1420,53.265
1421,110.5743333
1422,139.8
1423,40.213
1424,230.044
1425,22.224
1426,87.15
1427,45.51514286
1428,50.828
1429,403.2
1430,76.8333417
1431,90.31216667
1432,49.7965
1433,56.24585714
1434,49.827
1435,43.605
1436,46.85165215
1437,66.652
1438,43.845
1439,75.413
1440,42.844
1441,126.6
1442,48.655
1443,36.388
1444,16.923
1445,46.85165215
1446,158.235
1447,117.263
1448,47.198
1449,196
1450,29.653
1451,127.58
1452,108.06
1453,58.735
1454,160.388
1455,52.85
1456,25.265
1457,99.828
1458,164.915
1459,40.209
1460,40.558
1461,60.169
1462,56.977
1463,39.801
1464,153.0773333
1465,45.232
1466,135.064
1467,26.662
1468,67.268
1469,27.213
1470,40.98241667
1471,27.345
1472,75.96454184
1473,283.68
1474,49.36259524
1475,80.20417655
1476,33.8715579
1477,21.48633333
1478,48.952
1479,112.067
1480,35.98
1481,130.24
1482,22.728
1483,41.302
1484,15.944
1485,68.115
1486,45.872
1487,176.75
1488,95.48
1489,17.468
1490,187.7
1491,35.625
1492,67.04
1493,67.608
1494,37.112
1495,116.22
1496,717.3
1497,27.34
1498,133.0583333
1499,69.83892857
1500,66.523
1501,41.657
1502,162.24
1503,147
1504,34.39
1505,33.278
1506,31.773
1507,87.38
1508,110.608
1509,67.36
1510,61.548
1511,61.555
1512,21.19733333
1513,42.25
1514,117.134
1515,35.431
1516,40.94544444
1517,21.466
1518,53.474
1519,57.992
1520,104.324
1521,22.203
1522,37.174
1523,126.19
1524,49.696
1525,19.11333333
1526,29.65
1527,50.26
1528,167.136
1529,81.069
1530,25.799
1531,176.453
1532,17.577
1533,35.97
1534,45.84642857
1535,48.5566
1536,87.423
1537,66.28
1538,34.648
1539,68.727
1540,43.939
1541,139.8
1542,38.46733333
1543,33.6
1544,328
1545,131.847
1546,52.275
1547,101.0181546
1548,89.368
1549,51.3818
1550,112.254
1551,62.0704
1552,24.156
1553,130.23
1554,22.126
1555,188.7
1556,41.24634286
1557,19.922
1558,17.106
1559,42.753
1560,58.33090476
1561,98.974
1562,48.88
1563,47.537
1564,42.846
1565,120.28
1566,19.679
1567,113.856
1568,85.41905828
1569,71.567
1570,31.25266667
1571,113.78
1572,217.598
1573,73.355
1574,93.291
1575,79.735
1576,29.376
1577,77.173
1578,403.3
1579,26.39983184
1580,36.948
1581,89.96
1582,91.1354881
1583,81.977
1584,51.12
1585,22.089
1586,46.946
1587,38.041
1588,95.751
1589,42.534
1590,106.268
1591,26.87
1592,24.25
1593,49.471
1594,58.414
1595,42.87
1596,260.7
1597,86.044
1598,39.422
1599,26.637
1600,46.087
1601,69.745
1602,150.394
1603,25.81
1604,27.30166468
1605,36.927
1606,15.996
1607,30.957
1608,34.36
1609,159.94
1610,33.859
1611,47.75
1612,150.37
1613,118.436
1614,59.773
1615,50.758
1616,96.56
1617,19.937
1618,33.152
1619,78.425
1620,115.04
1621,52.196
1622,83.57
1623,19.603
1624,67.736
1625,61.462
1626,83.475
1627,42.887
1628,70.6456
1629,62.1167
1630,49.968
1631,33.35
1632,90.288
1633,52.452
1634,45.847
1635,56.55
1636,19.413
1637,37.024
1638,160.648
1639,119.36
1640,113.904
1641,136.941
1642,623.43
1643,57.053
1644,30.477
1645,94.01
1646,62.318
1647,32.17
1648,33.339
1649,18.419
1650,40.39351667
1651,25.144
1652,203.4
1653,18.401
1654,52.594
1655,112.802
1656,52.35633333
1657,76.44
1658,107.684
1659,54.845
1660,87.294
1661,70.7
1662,63.41933333
1663,53.42291667
1664,139.692
1665,33.14889799
1666,46.66847154
1667,169.6
1668,21.514
1669,245
1670,47.698
1671,109.902
1672,28.542
1673,33.33292857
1674,44.161
1675,607
1676,32.828
1677,52.26
1678,105.37
1679,84.087
1680,124.5333333
1681,50.374
1682,97.39
1683,49.145
1684,72.967
1685,70.684
1686,41.638
1687,31.761
1688,205.55
1689,54.51
1690,46.72
1691,40.122
1692,69.85934286
1693,62.916
1694,76.611
1695,51.82
1696,17.447
1697,160.9086685
1698,57.918
1699,49.635
1700,25.475
1701,192.7
1702,85.139
1703,121.38
1704,152.6766667
1705,63.472
1706,35.395
1707,72.842
1708,47.72683333
1709,103.854
1710,116.115
1711,72.999
1712,101.893
1713,56.62
1714,42.62483333
1715,39.105
1716,52.038
1717,130
1718,88.23
1719,133.006
1720,30.76535498
1721,96.238
1722,108.242
1723,122.6463333
1724,58.623
1725,35.806
1726,113.05
1727,35.197
1728,99.503
1729,51.52
1730,110.32
1731,161.58
1732,65.88
1733,38.23
1734,137.413
1735,194.439
1736,53.854
1737,525.8
1738,17.52
1739,197.4
1740,77.435
1741,30.467
1742,26.873
1743,65.393
1744,50.634
1745,44.494
1746,51.86228571
1747,35.941
1748,46.582
1749,128.7742857
1750,38.445
1751,17.654
1752,36.756
1753,61.16866667
1754,73.028
1755,113.504
1756,295.6
1757,41.194
1758,73.475
1759,93.41
1760,110.69
1761,40.821
1762,44.81
1763,56.454
1764,54.61
1765,54.45
1766,37.788
1767,63.98
1768,61.419
1769,245
1770,57.029
1771,27.565
1772,55.836
1773,30.947
1774,45.153
1775,266.8
1776,66.699
1777,85.35
1778,46.77242857
1779,44.288
1780,29.45
1781,24.357
1782,48.756
1783,69.34
1784,213.57
1785,34.839
1786,45.173
1787,48.59733333
1788,43.018
1789,110.474
1790,29.081
1791,97.625
1792,58.455
1793,49.822
1794,42.032
1795,51.252
1796,181.965
1797,20.41328571
1798,60.525
1799,32.785
1800,33.921
1801,27.442
1802,35.593
1803,80.95491667
1804,89.96
1805,68.323
1806,42.841
1807,24.2
1808,46.3996617
1809,131.71
1810,178.5
1811,35.134
1812,27.31366667
1813,26.297
1814,29.97420862
1815,37.6025
1816,126.164
1817,139.184
1818,18.267
1819,53.294
1820,42.041
1821,98.85
1822,65.38
1823,112.04
1824,58.627
1825,48.06
1826,96.46
1827,29.85587879
1828,93.581
1829,40.045
1830,98.9035
1831,108.632
1832,119.72
1833,86.765
1834,206.5
1835,86.95
1836,22.544
1837,26.08415
1838,51.574
1839,43.298
1840,84.72
1841,78.814
1842,39.382
1843,221.18
1844,55.25
1845,98.052
1846,67.369
1847,93.19
1848,322.15
1849,98.57
1850,160.912
1851,57.992
1852,155.82
1853,77.9322
1854,115.73
1855,277.4
1856,32.0575
1857,65.839
1858,68.99
1859,76.99616667
1860,29.371
1861,94.511
1862,33.097
1863,90.642
1864,80.987
1865,46.5
1866,48.003
1867,102.32
1868,18.757
1869,49.642
1870,71.05
1871,70.4942
1872,24.405
1873,94.87
1874,18.991
1875,54.595
1876,20.34983333
1877,82.226
1878,57.064
1879,72.939
1880,55.98
1881,34.018
1882,24.831
1883,36.559
1884,75.372
1885,126.1
1886,37.484
1887,131.5
1888,40.312
1889,81.973
1890,48.812
1891,112.152
1892,42.556
1893,60.715
1894,62.218
1895,61.825
1896,73.86
1897,179.387
1898,83.835
1899,95.03
1900,76.344
1901,125.058
1902,110.95
1903,52.03503968
1904,86.676
1905,924.7766667
1906,38.041
1907,79.378
1908,19.361
1909,24.319
1910,46.191
1911,18.418
1912,93.601
1913,34.23
1914,144.515
1915,154.5
1916,104.612
1917,65.59877778
1918,63.776
1919,37.022
1920,97.4
1921,114.16
1922,164.5
1923,73.886
1924,26.078
1925,16.17
1926,24.792
1927,40.174
1928,38.138
1929,23.89
1930,51.516
1931,53.921
1932,27.39
1933,265.585
1934,118.3
1935,80.877
1936,44.122
1937,103.372
1938,36.818
1939,45.873
1940,108.32
1941,37.05166667
1942,57.41690476
1943,40.89
1944,50.309
1945,40.977
1946,33.091
1947,63.99
1948,70.046
1949,29.936
1950,35.458
1951,43.321
1952,161.4
1953,222.4
1954,61.364
1955,29.793
1956,155.824
1957,66.273
1958,26.685
1959,67.647
1960,66.5454
1961,243.81
1962,118.25
1963,189.9443333
1964,118.161
1965,66.866
1966,136.141
1967,75.684
1968,699.2
1969,127.82
1970,22.46
1971,49.641
1972,83.32
1973,22.024
1974,41.264
1975,14.463
1976,140.15
1977,404.2
1978,75.494
1979,60.0145
1980,24.935
1981,254.48
1982,108.05
1983,56.17
1984,54.115
1985,33.509
1986,80.07
1987,157.7
1988,121.46
1989,50.957
1990,46.1
1991,31.892
1992,63.162
1993,249.4
1994,82.58
1995,113.05
1996,88.0685
1997,100.4233333
1998,32.084
1999,57.821
2000,55.6976
2001,118
2002,54.645
2003,74.413
2004,280.4
2005,39.107
2006,38.274
2007,74.729
2008,54.134
2009,53.0507
2010,64.928
2011,17.795
2012,32.9565
2013,63.632
2014,63.209
2015,78.283
2016,49.649
2017,17.091
2018,40.672
2019,134.2166667
2020,34.547
2021,87.423
2022,72.704
2023,52.374
2024,110.66
2025,339
2026,60.605
2027,94.74
2028,47.654
2029,73.63
2030,141.977
2031,60.805
2032,59.81
2033,44.79941667
2034,47.94
2035,54.876
2036,148.421
2037,34.768
2038,25.892
2039,131.788
2040,55.188
2041,60.367
2042,20.765
2043,13.619
2044,69.368
2045,108.803
2046,150.8
2047,40.368
2048,58.862
2049,32.87
2050,68.84386667
2051,142.228
2052,351.6
2053,125.841
2054,86.105
2055,85.54
2056,31.22
2057,15.528
2058,148.7
2059,41.639
2060,52.8716
2061,20.122
2062,50.071
2063,145.1
2064,58.642
2065,66.75266667
2066,40.20069252
2067,98.721
2068,25.975
2069,84.47266667
2070,56.104
2071,70.154
2072,103.517
2073,33.388
2074,50.594
2075,43.997
2076,53.216
2077,40.17
2078,123.11
2079,85.364
2080,74.831
2081,102.5
2082,46.257
2083,99.37
2084,60.686
2085,21.593
2086,28.959
2087,444.7
2088,236.5
2089,87.545
2090,48.309
2091,108.7
2092,65.094
2093,116.36
2094,66.328
2095,94.672
2096,44.73603788
2097,25.54816667
2098,95.387
2099,58.324
2100,53.647
2101,99.642
2102,34.38833333
2103,95.31
2104,127.025
2105,76.78
2106,62.649
2107,38.815
2108,43.915
2109,16.84
2110,144.41
2111,168.52
2112,23.72015152
2113,47.94
2114,49.871
2115,28.394
2116,39.754
2117,70.881
2118,66.999
2119,41.414
2120,24.67
2121,105.409
2122,19.458
2123,109.14
2124,135.41
2125,95.51
2126,44.47487879
2127,25.919
2128,65.76346869
2129,40.51
2130,32.41141667
2131,33.307
2132,46.706
2133,42.791
2134,23.771
2135,33.17966667
2136,147.33
2137,12.77
2138,221.9
2139,45.926
2140,45.354
2141,620.4
2142,46.996
2143,107.01
2144,49.466
2145,78.431
2146,43.938
2147,28.594
2148,23.025
2149,40.438
2150,67.31625
2151,80.59
2152,46.943
2153,135.1895062
2154,35.0175
2155,46.78
2156,21.3
2157,63.48871429
2158,70.71
2159,80.8525
2160,113.364
2161,22.655
2162,57.233
2163,70.27
2164,147.33
2165,30.075
2166,36.153
2167,125.65
2168,19.91029942
2169,91.56
2170,43.544
2171,87.97
2172,111.42
2173,274
2174,63.758
2175,93.3
2176,64.868
2177,121.6881905
2178,54.95
2179,63.0994
2180,21.965
2181,79.284
2182,33.579
2183,40.706
2184,54.986
2185,26.353
2186,29.217
2187,21.779
2188,43.604
2189,39.676
2190,106.985
2191,139.3
2192,62.137
2193,36.402
2194,19.23
2195,44.555
2196,41.164
2197,26.39983184
2198,54.845
2199,49.1345
2200,15.801
2201,47.109
2202,81.78
2203,55.225
2204,26.39983184
2205,166.9
2206,311.06
2207,35.906
2208,128.495
2209,60.71533333
2210,53.927
2211,70.827
2212,22.66
2213,51.655
2214,61.884
2215,27.764
2216,54.54
2217,135.58
2218,115.674
2219,208.5
2220,27.928
2221,284.03
2222,196.09
2223,93.514
2224,48.517
2225,101.38
2226,58.066
2227,166.45
2228,78.442
2229,40.18666667
2230,35.715
2231,66.568
2232,39.794
2233,34.10166667
2234,36.88
2235,72.002
2236,95.69
2237,68.198
2238,30.374
2239,53.324
2240,57.251
2241,75.79
2242,98.075
2243,79.162
2244,43.592
2245,21.67
2246,128.52
2247,52.029
2248,238.06
2249,39.389
2250,78.199
2251,39.355
2252,1504.228571
2253,82.082
2254,63.96
2255,73.2362
2256,97.67
2257,37.9235
2258,92.075
2259,113.97
2260,123.7
2261,23.216
2262,44.218
2263,57.332
2264,46.43686667
2265,27.86153605
2266,61.693
2267,164.15
2268,38.59
2269,75.18
2270,42.38233333
2271,177.55
2272,53.875
2273,28.854
2274,84.198
2275,28.652
2276,44.75546234
2277,40.8
2278,96.724
2279,402
2280,84.47266667
2281,40.8105
2282,54.34
2283,49.858
2284,42.7032
2285,34.381
2286,253.223
2287,60.98071429
2288,92.778
2289,49.094
2290,47.55
2291,90.24
2292,198.99
2293,112.544
2294,27.718
2295,88.529
2296,180.55
2297,126.59
2298,28.218
2299,69.4098
2300,68.95447382
2301,27.195
2302,120.29
2303,67.3416
2304,107.7327183
2305,57.809
2306,445.475
2307,611.5
2308,52.44
2309,88.33
2310,222.427
2311,22.224
2312,46.84014286
2313,68.841
2314,93.913
2315,64.04
2316,39.31313095
2317,101.95
2318,62.5667
2319,43.921
2320,147.3
2321,63.47027619
2322,65.074
2323,166.68
2324,185.9
2325,80.73758333
2326,34.17666667
2327,37.726
2328,33.391
2329,76.523
2330,54.381
2331,78.725
2332,17.302
2333,756.8
2334,99.475
2335,23.198
2336,32.379
2337,343.1
2338,63.272
2339,219.3
2340,36.5825
2341,20.997
2342,75.16
2343,41.308
2344,64.156
2345,92.247
2346,46.36733333
2347,52.183
2348,65.25
2349,24.549
2350,263.5
2351,51.951
2352,333
2353,56.454
2354,207.025
2355,48.44883333
2356,45.581
2357,57.6
2358,48.49
2359,40.976
2360,29.994
2361,24.92
2362,126.6
2363,62.968
2364,144.257
2365,245.267
2366,85.149
2367,84.47266667
2368,17.959
2369,66.01
2370,153.6494286
2371,88.237
2372,242.75
2373,80.64266667
2374,19.60016667
2375,87.479
2376,42.3794
2377,306.319
2378,30.64566667
2379,78.71
2380,27.423
2381,43.8955
2382,184.7
2383,36.831
2384,88.678
2385,161.7
2386,20.56348016
2387,30.4575
2388,26.90345
2389,34.76
2390,62.748
2391,66.119
2392,14.96
2393,53.588
2394,85.89
2395,85.405
2396,16.147
2397,45.222
2398,112.6386667
2399,113.281
2400,94.373
2401,96.48
2402,123.524697
2403,86.95
2404,29.448
2405,224.713
2406,130.677
2407,59.59833333
2408,65.18327619
2409,135.04
2410,27.617
2411,48.252
2412,33.8
2413,236.5
2414,125.11
2415,45.663
2416,30.333
2417,80.3
2418,98.25
2419,42.491
2420,101.79
2421,457.4
2422,48.484
2423,76.51
2424,95.008
2425,14.504
2426,25.70833333
2427,21.671
2428,25.698
2429,44.695
2430,84.837
2431,65.5596
2432,119.72
2433,71.11
2434,70.915
2435,19.11333333
2436,28.975
2437,106.85
2438,21.38
2439,49.139
2440,19.907
2441,42.3440123
2442,25.44211905
2443,48.895
2444,171.8
2445,28.221
2446,233.7
2447,65.79
2448,37.415
2449,107.094
2450,69.545
2451,96.43
2452,61.993
2453,54.11
2454,85.587
2455,91.93
2456,49.50422242
2457,25.388
2458,178.852
2459,30.729
2460,23.42097222
2461,93.05
2462,302.17
2463,62.5464
2464,43.664
2465,109.015
2466,77.775
2467,135.77
2468,501.3
2469,57.905
2470,32.388
2471,51.86228571
2472,312.458
2473,62.538
2474,76.594
2475,35.787
2476,48.961
2477,44.06333333
2478,175.09
2479,92.08733333
2480,175.9
2481,84.811
2482,36.958
2483,39.059
2484,91.391
2485,53.65
2486,85.524
2487,30.641
2488,42.38633333
2489,267.8
2490,52.25666667
2491,115.73
2492,57.594
2493,53.842
2494,26.443
2495,42.75166667
2496,78.62
2497,105.7083333
2498,110.0516667
2499,73.475
2500,36.542
2501,45.7945
2502,19.893
2503,50.141
2504,77.372
2505,84.945
2506,28.646
2507,68.5338
2508,30.12731667
2509,47.704
2510,48.524
2511,103.202
2512,43.734
2513,19.85385238
2514,70.904
2515,110.9
2516,98.075
2517,58.652
2518,25.78
2519,31.994
2520,94.953
2521,42.639
2522,50.142
2523,140.445
2524,48.961
2525,27.547
2526,28.571
2527,203.045
2528,36.54
2529,298.9
2530,44.272
2531,179.14
2532,40.532
2533,83.572
2534,64.991
2535,43.2561
2536,60.007
2537,560.4
2538,63.992
2539,92.97983333
2540,25.091
2541,46.879
2542,45.63
2543,79.24066667
2544,49.75
2545,49.547
2546,60.407
2547,40.7
2548,49.214
2549,43.51
2550,19.992
2551,116.913
2552,9.7355
2553,103.965
2554,58.415
2555,29.317
2556,45.001
2557,53.539
2558,50.761
2559,40.14665644
2560,50.38
2561,38.309
2562,45.77666667
2563,81.888
2564,31.89991667
2565,154.025
2566,195.39
2567,65.425
2568,34.9
2569,79.61
2570,69.762
2571,147.095
2572,70.768
2573,88.562
2574,18.614
2575,23.802
2576,53.872
2577,51.8805
2578,36.0511
2579,204.456
2580,62.2
2581,53.895
2582,503.7
2583,65.711
2584,121.997
2585,105.208
2586,192.4
2587,73.45
2588,113.315
2589,118.44
2590,60.10888225
2591,162.7
2592,15.729
2593,202.94
2594,48.203
2595,62.065
2596,81.622
2597,47.118
2598,156.2
2599,231.9
2600,55.694
2601,33.359
2602,20.915
2603,72.323
2604,114.858
2605,17.614
2606,98.766
2607,265.6
2608,49.81
2609,61.741
2610,82.97666667
2611,58.376
2612,98.58
2613,73.51733333
2614,74.701
2615,79.701
2616,42.19033333
2617,34.175
2618,144.8
2619,25.407
2620,147.3
2621,15.927
2622,67.758
2623,83.51
2624,34.519
2625,39.8411
2626,210.7
2627,25.4655
2628,44.668
2629,219.3
2630,363.06
2631,48.39
2632,50.829
2633,148.8
2634,249.5
2635,99.322
2636,93.369
2637,33.085
2638,112.6851667
2639,385
2640,56.129
2641,31.043
2642,40.42871429
2643,174.3
2644,56.186
2645,42.24833333
2646,75.555
2647,75.803
2648,23.27
2649,38.15
2650,91.571
2651,96.513
2652,116.71
2653,58.378
2654,80.86
2655,135.16
2656,31.209
2657,52.27
2658,58.032
2659,61.096
2660,35.79042857
2661,39.83
2662,53.157
2663,44.92
2664,58.177
2665,89.29
2666,82.58
2667,49.5
2668,101.2
2669,93.512
2670,48.541
2671,64.098
2672,26.39983184
2673,144.3
2674,42.043
2675,58.333
2676,114.248
2677,84.75
2678,91.36
2679,76.067
2680,17.479
2681,32.612
2682,167.527
2683,111.806
2684,50.0045
2685,290.19
2686,52.474
2687,54.48
2688,216.75
2689,38.141
2690,64.623
2691,79.88
2692,94.447
2693,51.945
2694,63.156
2695,42.928
2696,211.5
2697,53.327
2698,52.167
2699,80.63
2700,68.794
2701,94.939
2702,47.431
2703,72.976
2704,96.43
2705,63.383
2706,131.081
2707,72.839
2708,101.357
2709,81.156
2710,24.665
2711,35.843
2712,58.979
2713,45.08668651
2714,66.879
2715,73.06
2716,101.7
2717,169.958
2718,54.691
2719,88.79575
2720,28.4445
2721,53.664
2722,54.814
2723,77.956
2724,106.96
2725,308.239
2726,149.646
2727,27.7165
2728,137.163
2729,31.51033333
2730,105.9939991
2731,21.22
2732,260.52
2733,98.78
2734,113.404
2735,54.792
2736,57.681
2737,41.22
2738,47.34894278
2739,77.852
2740,37.28
2741,19.11333333
2742,59.65
2743,31.685
2744,224.2
2745,39.8545
2746,30.093
2747,126.0673735
2748,123.7
2749,75.767
2750,73.01
2751,55.912
2752,37.312
2753,30.072
2754,21.941
2755,246.9
2756,43.81564286
2757,163.5
2758,76.939
2759,183.3
2760,38.93652381
2761,176.16
2762,64.83
2763,17.619
2764,47.31333333
2765,77.155
2766,116.604
2767,24.736
2768,19.995
2769,36.788
2770,151.59
2771,125.815
2772,60.707
2773,37.655
2774,27.9
2775,39.1166
2776,400.6
2777,74.119
2778,254.464
2779,160.68
2780,60.31
2781,32.712
2782,136.32
2783,75.2
2784,38.749
2785,10.71738095
2786,43.25842208
2787,415.9
2788,50.97666667
2789,182.9
2790,101.034
2791,95.275
2792,51.304
2793,43.246
2794,43.981
2795,65.7
2796,143
2797,40.444
2798,55.11
2799,47.13
2800,38.22092857
2801,81.747
2802,148.035
2803,44.197
2804,171.45
2805,19.095
2806,15.843
2807,49.046
2808,58.51064286
2809,38.015
2810,240.1
2811,32.728
2812,33.858
2813,34.657
2814,92.635
2815,78.636
2816,52.977
2817,66.318
2818,136.3
2819,14.73866667
2820,73.668
2821,61.455
2822,44.517
2823,37.358
2824,56.1105
2825,108.107
2826,89.325
2827,112.39
2828,44.82719048
2829,52.05940673
2830,134.3416667
2831,40.6
2832,511
2833,144.355
2834,64.735
2835,80.516
2836,41.308
2837,80.881
2838,31.799
2839,55.116
2840,38.419
2841,52.359
2842,107.3
2843,54.793
2844,25.011
2845,40.884
2846,85.32
2847,29.06
2848,153.369
2849,56.259
2850,47.821
2851,24.715
2852,109.9
2853,92.54
2854,214.1
2855,221.6
2856,39.466
2857,183.8142381
2858,35.03533333
2859,43.898
2860,27.13
2861,53.764
2862,140.276
2863,51.507
2864,39.37
2865,315
2866,55.901
2867,46.621
2868,31.608
2869,59.72
2870,69.944
2871,93.36
2872,355.6
2873,135.127
2874,42.3451
2875,52.157
2876,172.982
2877,46.95701111
2878,129.6
2879,81.41
2880,48.32
2881,93.88
2882,90.901
2883,68.013
2884,210.121
2885,192.4
2886,25.124
2887,158.7826667
2888,24.14
2889,82.31
2890,851.3708333
2891,66.934
2892,22.835
2893,887.1
2894,38.419
2895,102.684
2896,115.379
2897,37.412
2898,188.4
2899,166.91
2900,31.557
2901,55.482
2902,31.66757143
2903,32.96
2904,91.103
2905,80.699
2906,58.465
2907,189.668
2908,32.655
2909,46.415
2910,108.768
2911,23.214
2912,52.086
2913,23.0922381
2914,48.41
2915,52.887
2916,138.9
2917,974.6
2918,47.626
2919,58.876
2920,50.447
2921,21.962
2922,61.48985714
2923,326.9
2924,59.6
2925,29.446
2926,40.82766667
2927,116.36
2928,19.60016667
2929,101.357
2930,30.3835
2931,61.8214
2932,46.703
2933,120.12
2934,149.04
2935,90.5
2936,25.22388889
2937,57.128
2938,116.6
2939,20.633
2940,110.8
2941,148.77
2942,77.73
2943,92.354
2944,48.222
2945,27.19
2946,92.13
2947,74.834
2948,77.63
2949,74.129
2950,29.519
2951,61.362
2952,74.737
2953,34.719
2954,151.785
2955,86.58265693
2956,84.39
2957,46.843
2958,74.706
2959,82.883
2960,31.564
2961,49.1105
2962,62.91
2963,29.73166667
2964,160.9086685
2965,27.513
2966,91.639
2967,27.995
2968,91.76
2969,117.799
2970,112.23
2971,492.7
2972,57.13
2973,189.96
2974,143.946
2975,67.95635714
2976,72.689
2977,366.6
2978,37.309
2979,70.895
2980,36.067
2981,64.1
2982,84.067
2983,25.392
2984,61.707
2985,74.918
2986,134.903
2987,45.493
2988,49.1
2989,61.6935
2990,20.25133333
2991,74.844
2992,49.37433333
2993,130.358
2994,37.989
2995,93.20483333
2996,33.003
2997,34.882
2998,30.76916667
2999,75.227
3000,34.402
3001,57.319
3002,38.908
3003,55.59
3004,43.42740873
3005,36.253
3006,68.315
3007,88.67
3008,57.5165252
3009,160.25
3010,240.9
3011,152.73
3012,60.337
3013,37.336
3014,44.75546234
3015,35.359
3016,54.792
3017,34.80066667
3018,85.234
3019,24.123
3020,130.61
3021,18.979
3022,84.973
3023,26.025
3024,59.29
3025,42.4844
3026,98.6
3027,19.76075
3028,42.86233333
3029,249.139
3030,74.461
3031,112.935
3032,36.9387
3033,51.90760137
3034,36.503
3035,86.042
3036,47.564
3037,159.699
3038,77.309
3039,46.819
3040,43.49
3041,78.486
3042,42.479
3043,44.494
3044,38.17
3045,281.6
3046,32.5
3047,35.2045
3048,45.64864286
3049,38.9
3050,113.064
3051,75.026
3052,38.34228571
3053,17.99066667
3054,58.612
3055,186.18
3056,29.212
3057,23.068
3058,50.569
3059,523.5
3060,103.76
3061,92.5
3062,36.257
3063,35.769
3064,39.405
3065,237.91
3066,68.92
3067,92.873
3068,23.025
3069,69.015
3070,65.71
3071,29.23
3072,40.20069252
3073,333.56
3074,37.53
3075,98.228
3076,67.766
3077,30.54259524
3078,77.3873
3079,109.46
3080,149.69
3081,55.15
3082,51.462
3083,435.37
3084,24.98233333
3085,147.2
3086,172.24
3087,49.755
3088,131.14
3089,57.32
3090,97.15
3091,71.08
3092,77.357
3093,57.67
3094,27.845
3095,16.4113
3096,31.776
3097,136.141
3098,68.65966667
3099,25.295
3100,76.168
3101,346.1
3102,104.65
3103,108.922
3104,14.356
3105,68.524
3106,35.887
3107,48.60545238
3108,76.5475
3109,38.7465
3110,95.511
3111,21.367
3112,74.80558333
3113,30.701
3114,52.39041667
3115,36.6861
3116,23.326
3117,32.15642857
3118,35.179
3119,783
3120,32.134
3121,71.80785714
3122,71.926
3123,50.447
3124,25.616
3125,116.115
3126,171.5
3127,135.1895062
3128,28.20988095
3129,81.54
3130,33.206
3131,57.443
3132,72.506
3133,214.94
3134,92.528
3135,122.6463333
3136,119.7120952
3137,88.073
3138,32.95942857
3139,629.7
3140,16.294
3141,45.005
3142,119.645
3143,41.08333333
3144,115.896
3145,31.407
3146,45.391
3147,129.21
3148,87.865
3149,80.96
3150,56.529
3151,35.358
3152,105.89
3153,83.1
3154,72.17366667
3155,25.225
3156,64.63
3157,27.37
3158,196.74
3159,106.55
3160,44.285
3161,20.9635
3162,62.316
3163,160.56
3164,128.361
3165,37.416
3166,73.825
3167,58.47533333
3168,99.76184127
3169,56.751
3170,52.715
3171,112.388
3172,46.87166667
3173,45.37
3174,26.122
3175,76.19055
3176,27.466
3177,282.2986667
3178,112
3179,94.394
3180,70.16
3181,39.162
3182,141.398
3183,97.406
3184,56.87
3185,96.65
3186,35.105
3187,51.12
3188,21.2
3189,36.711
3190,94.4890974
3191,38.055
3192,47.851
3193,20.45483333
3194,73.661
3195,16.16738095
3196,63.199
3197,94.77182973
3198,60.755
3199,37.913
3200,65.187
3201,44.14
3202,95.231
3203,31.46641667
3204,44.30125
3205,36.356
3206,82.22
3207,45.865
3208,89.714
3209,51.16733333
3210,34.085
3211,70.56
3212,112.596
3213,187.7371429
3214,76.8333417
3215,80.5397619
3216,56.193
3217,65.695
3218,124.422
3219,108.632
3220,117.003
3221,64.616
3222,68.593
3223,86.567
3224,89.233
3225,19.289
3226,81.635
3227,38.406
3228,243.02
3229,99.509
3230,23.626
3231,56.368
3232,58.791
3233,51.454
3234,161.637
3235,129.6
3236,88.35333333
3237,44.023
3238,40.027
3239,19.707
3240,55.98
3241,34.18
3242,31.524
3243,43.553
3244,25.169
3245,69.77
3246,16.545
3247,76.7
3248,186.3
3249,146.955
3250,194.9
3251,68.199
3252,48.274
3253,264.1
3254,81.619
3255,43.752
3256,66.264
3257,51.974
3258,78.85
3259,56.99983333
3260,35.359
3261,52.828
3262,36.702
3263,162.72
3264,46.85165215
3265,55.7356
3266,302.9
3267,88.43116667
3268,54.037
3269,50.265
3270,21.987
3271,140.345
3272,39.606
3273,77.44
3274,490.3
3275,208.159
3276,34.227
3277,121.83
3278,75.922
3279,26.711
3280,53.2932
3281,194
3282,36.522
3283,83.676
3284,48.28
3285,56.24585714
3286,80.909
3287,32.513
3288,17.478
3289,67.351
3290,149.46
3291,31.772
3292,27.835
3293,84.043
3294,36.711
3295,72.389
3296,27.66859524
3297,130.557
3298,24.676
3299,40.66
3300,62.707
3301,54.607
3302,28.71990152
3303,66.506
3304,32.43
3305,236.5
3306,58.972
3307,30.2855
3308,127
3309,60.22166667
3310,96.57
3311,23.859
3312,49.189
3313,30.021
3314,27.44731818
3315,77.535
3316,55.519
3317,26.50933333
3318,38.198
3319,288
3320,54.797
3321,67.385
3322,37.6485
3323,48.485
3324,78.434
3325,42.919
3326,180.3
3327,59.46857143
3328,68.573
3329,21.096
3330,106.184
3331,79.9
3332,55.184
3333,24.1
3334,51.199
3335,58.186
3336,129.3475
3337,19.922
3338,102.62
3339,50.581
3340,66.35
3341,51.66016667
3342,40.334
3343,36.054
3344,95.272
3345,32.16
3346,34.693
3347,40.144
3348,303.2
3349,52.311
3350,104.5
3351,23.819
3352,33.857
3353,51.399
3354,13.47933333
3355,177.934
3356,19.404
3357,47.244
3358,26.517
3359,39.821
3360,88.85
3361,39.803
3362,103.893
3363,487.6
3364,111.94
3365,33.27
3366,107.801
3367,17.998
3368,51.17
3369,107.41
3370,26.886
3371,27.75033333
3372,120.185
3373,64.019
3374,30.3395
3375,38.91
3376,21.394
3377,24.84
3378,17.581
3379,62.393
3380,182.4
3381,40.734
3382,79.34
3383,33.74033333
3384,100.9183333
3385,534.71
3386,47.34894278
3387,94.7
3388,36.129
3389,93.96333333
3390,111.1023333
3391,203.1
3392,324.32975
3393,530.8
3394,135.737
3395,27.77716667
3396,155.804
3397,82.606
3398,18.6505
3399,144.67
3400,102.567
3401,70.468
3402,28.09040476
3403,51.216
3404,185.5
3405,40.377
3406,237.1702857
3407,62.931
3408,342.3
3409,28.665
3410,55.795
3411,64.269
3412,14.365
3413,49.321
3414,30.74
3415,65.777
3416,90.74
3417,94.28
3418,102.96
3419,45.975
3420,186.8
3421,671.8
3422,101.514
3423,52.04
3424,11.483
3425,150.9
3426,25.765
3427,40.36775
3428,38.304
3429,46.318
3430,33.73198846
3431,35.303
3432,79.93
3433,32.21
3434,62.204
3435,63.503
3436,74.29
3437,24.885
3438,58.582
3439,93.809
3440,110.93
3441,29.37
3442,31.252
3443,41.27271905
3444,24.91
3445,28.664
3446,88.405
3447,42.13
3448,41.65933333
3449,45.96608333
3450,139.906
3451,88.38
3452,49.543
3453,226.1828571
3454,48.308
3455,89.75
3456,56.12
3457,69.075
3458,53.159
3459,39.867
3460,110.94
3461,35.287
3462,27.19065152
3463,89.21
3464,49.789
3465,34.505
3466,52.02
3467,52.378
3468,245.267
3469,68.105
3470,61.467
3471,29.559
3472,27.91398485
3473,32.795
3474,32.3075
3475,29.32
3476,34.54
3477,85.349
3478,63.402
3479,74.34966667
3480,53.714
3481,37.58933333
3482,130.525
3483,43.12766667
3484,49.404
3485,39.706
3486,131.1
3487,80.215
3488,175.8
3489,104.77
3490,84.605
3491,35.86070767
3492,45.26804762
3493,182.4
3494,55.86758333
3495,93.14333333
3496,105.117
3497,55.46233333
3498,25.325
3499,100.1
3500,113.0915952
3501,92.965
3502,30.56
3503,60.415
3504,40.86452381
3505,74.484
3506,57.5165252
3507,252.3833333
3508,82.872
3509,81.749
3510,172.14
3511,56.886
3512,96.344
3513,47.583
3514,71.209
3515,107.56
3516,32.79
3517,122.066
3518,18.446
3519,24.3775
3520,76.523
3521,104.333
3522,30.426
3523,17.89733333
3524,295.018
3525,48.839
3526,98.471
3527,18.875
3528,49.164
3529,100.008
3530,141.3
3531,49.127
3532,125.75
3533,104.798
3534,222.5
3535,137.87
3536,90.74
3537,58.557
3538,88.9
3539,28.197
3540,51.897
3541,37.665
3542,83.203
3543,41.711
3544,93.268
3545,115.9833333
3546,68.389
3547,26.468
3548,67.317
3549,128.388
3550,193.6
3551,43.4
3552,38.34228571
3553,56.5445
3554,19.679
3555,54.31566667
3556,16.652
3557,73.649
3558,19.662
3559,28.754
3560,87.09
3561,54.724
3562,74.599
3563,55.73
3564,131.57
3565,63.111
3566,35.801
3567,32.35
3568,54.853
3569,74.127
3570,152.209
3571,143.65
3572,43.68
3573,55.987
3574,37.79
3575,87.915
3576,163.5
3577,26.62
3578,70.962
3579,39.11
3580,175
3581,44.83
3582,70.814
3583,73.15
3584,71.87
3585,53.695
3586,29.559
3587,36.552
3588,27.524
3589,51.923
3590,124.6573833
3591,308.3
3592,53.4
3593,157.37
3594,17.183
3595,157.69
3596,29.833
3597,43.127
3598,73.797
3599,184.6
3600,90.02
3601,43.652
3602,35.811
3603,77.946
3604,58.985
3605,124.1
3606,57.2
3607,203.8
3608,46.065
3609,74.766
3610,96.46
3611,70.94
3612,62.218
3613,47.343
3614,28.714
3615,32.1815
3616,41.991
3617,70.632
3618,17.772
3619,134.07
3620,68.569
3621,66.365
3622,127.72
3623,40.7444
3624,20.3615
3625,28.812
3626,111.64
3627,44.052
3628,42.089
3629,56.771
3630,140.7
3631,129.93
3632,102.455
3633,64.54827778
3634,45.935
3635,104.895
3636,34.565
3637,43.16528571
3638,89.341
3639,201.5843333
3640,25.3775
3641,118.36
3642,47.2837
3643,13.893
3644,307.6
3645,131.045
3646,43.53828571
3647,74.612
3648,125.3
3649,33.457
3650,56.04
3651,34.955
3652,116.044
3653,218.2
3654,24.78413889
3655,39.35458225
3656,40.14665644
3657,62.765
3658,41.208
3659,104.52
3660,81.09066667
3661,76.168
3662,58.345
3663,63.396
3664,50.413
3665,34.606
3666,69.445
3667,63.713
3668,69.49
3669,238.9
3670,42.235
3671,119.0285
3672,26.059
3673,179.6
3674,97.91
3675,45.786
3676,106.299
3677,23.44097222
3678,81.74
3679,182.7
3680,53.923
3681,74.49
3682,44.259
3683,90.674
3684,69.79
3685,66.663
3686,37.375
3687,74.04
3688,62.374
3689,334.6
3690,34.197
3691,122.6463333
3692,185.6
3693,33.14889799
3694,177.99
3695,118.713
3696,85.527
3697,46.097
3698,46.559
3699,144.8
3700,156.7333333
3701,26.042
3702,58.23305952
3703,16.827
3704,37.043
3705,135.737
3706,77.951
3707,106.364
3708,108.08
3709,44.32102118
3710,298.387
3711,259.4
3712,49.38
3713,61.529
3714,62.80833333
3715,59.65
3716,38.333
3717,186.8314286
3718,47.244
3719,126.127
3720,51.285
3721,39.167
3722,94.48
3723,124.33
3724,199.34
3725,43.77
3726,16.263
3727,405.125
3728,53.042
3729,84.5
3730,33.946
3731,47.297
3732,75.895
3733,26.434
3734,87.56
3735,94.95309524
3736,99.14
3737,92.979
3738,54.228
3739,14.07766667
3740,184.8
3741,21.836
3742,134.553
3743,209.94
3744,76.431
3745,25.9995
3746,23.417
3747,54.501
3748,84.803
3749,74.339
3750,55.174
3751,152.155
3752,133.6251667
3753,82.156
3754,36.378
3755,73.805
3756,93.205
3757,32.29
3758,58.524
3759,211.82
3760,40.155
3761,39.778
3762,80.519
3763,183.0464286
3764,86.701
3765,289.2
3766,55.531
3767,74.918
3768,111.612
3769,34.424
3770,77.85566667
3771,25.635
3772,111.716
3773,87.4
3774,19.85385238
3775,55.05
3776,60.716
3777,72.423
3778,39.08633333
3779,79.72
3780,130.6216667
3781,65.462
3782,56.68933333
3783,17.465
3784,90.44
3785,28.871
3786,44.32
3787,129.33
3788,55.66333333
3789,36.788
3790,73.26666667
3791,79.63
3792,31.295
3793,91.656
3794,67.681
3795,31.764
3796,48.849
3797,34.47
3798,156.642
3799,34.496
3800,63.385
3801,19.923
3802,44.497
3803,33.685
3804,279.9583333
3805,148.16
3806,407.67
3807,68.794
3808,53.567
3809,43.33337013
3810,52.845
3811,69.703
3812,58.182
3813,169.25
3814,106.68
3815,17.305
3816,33.14889799
3817,110.806
3818,57.56
3819,70.632
3820,145.93
3821,38.063
3822,16.248
3823,35.544
3824,63.625
3825,146.75
3826,31.12
3827,100.482
3828,69.605
3829,26.63952381
3830,17.15533333
3831,47.403
3832,45.069
3833,65.119
3834,57.821
3835,110.778
3836,25.47233333
3837,38.34228571
3838,46.793
3839,81.34
3840,68.89933333
3841,87.56
3842,45.935
3843,26.894
3844,77.28913333
3845,107.6033333
3846,61.81
3847,42.715
3848,43.92
3849,26.797
3850,83.55
3851,90.519
3852,100.541
3853,189.5
3854,97.457
3855,59.87
3856,33.196
3857,36.703
3858,72.7732
3859,25.445
3860,102.107
3861,154.05
3862,159.96
3863,33.79216667
3864,104.9
3865,52.872
3866,18.226
3867,96.638
3868,36.522
3869,77.942
3870,45.334
3871,51.006
3872,47.505
3873,99.44
3874,61.717
3875,37.898
3876,56.901
3877,92.167
3878,18.467
3879,58.2
3880,37.79
3881,27.401
3882,61.576
3883,46.565
3884,41.71360065
3885,32.201
3886,48.654
3887,48.81833333
3888,94.654
3889,23.975
3890,70.8889794
3891,36.684
3892,189.652
3893,26.747
3894,39.11
3895,28.275
3896,45.4355
3897,61.172
3898,43.78
3899,42.56470455
3900,382.75
3901,30.97
3902,63.722
3903,58.929
3904,61.747
3905,17.823
3906,63.628
3907,75.49
3908,35.09066667
3909,25.622
3910,40.83
3911,74.704
3912,67.595
3913,201.12
3914,24.608
3915,57.76
3916,36.59802381
3917,46.572
3918,88.65795238
3919,130.775
3920,16.028
3921,56.401
3922,101.432
3923,69.10166667
3924,229.14
3925,119.253
3926,100.213
3927,100.738
3928,58.2
3929,39.4
3930,79.6226
3931,33.46
3932,44.30125
3933,50.75
3934,30.014
3935,83.743
3936,49.15
3937,237
3938,26.925
3939,46.3381
3940,56.127
3941,201.9
3942,78.066
3943,31.28242857
3944,51.054
3945,28.11
3946,58.651
3947,170.8
3948,76.389
3949,49.518
3950,29.11
3951,332.5
3952,56.85
3953,32.803
3954,80.055
3955,35.95457143
3956,21.938
3957,140.72
3958,160.9086685
3959,35.766
3960,173.607
3961,25.6289623
3962,59.998
3963,42.419
3964,48.777
3965,37.412
3966,64.97354762
3967,21.3
3968,47.15
3969,34.103
3970,57.814
3971,32.443
3972,22.30742857
3973,62.44
3974,83.05
3975,58.19708333
3976,90.25
3977,157.74
3978,104.708
3979,55.9699881
3980,24.941
3981,51.17711111
3982,70.09366667
3983,81.767
3984,61.884
3985,33.8715579
3986,71.92566667
3987,36.32
3988,68.86314286
3989,31.658
3990,64.105
3991,41.95
3992,18.474
3993,75.7235
3994,144.8
3995,194.9
3996,36.578
3997,99.945
3998,65.571
3999,67.718
4000,271.515
4001,171.4666667
4002,59.593
4003,77.88
4004,148.34
4005,77.404
4006,50.985
4007,40.7
4008,118.62
4009,78.23559524
4010,28.197
4011,30.725
4012,45.4485
4013,62.466
4014,141.092
4015,134.112
4016,50.662
4017,108.44
4018,23.295
4019,63.48119048
4020,13.621
4021,487.9
4022,37.656
4023,146.113
4024,140.182
4025,26.815
4026,24.92733333
4027,128.784
4028,143.291
4029,45.13
4030,26.02
4031,51.08866667
4032,61.288
4033,50.18
4034,15.736
4035,38.96333333
4036,42.397
4037,85.234
4038,59.70333333
4039,23.794
4040,18.577
4041,17.7625
4042,231.95675
4043,35.389
4044,51.866
4045,136.61
4046,42.469
4047,83.205
4048,171.8
4049,91.554
4050,87.628
4051,35.923
4052,94.97
4053,307.2
4054,146.76
4055,55.511
4056,270.1016667
4057,81.179
4058,61.749
4059,99.74
4060,39.31313095
4061,90.78
4062,22.171
4063,28.775
4064,77.674
4065,174.5
4066,166.538
4067,19.12866667
4068,104.9975
4069,165.445
4070,57.493
4071,46.138
4072,95.696
4073,25.138
4074,25.45
4075,35.76805556
4076,221.1
4077,96.50892496
4078,29.94
4079,209.26
4080,42.3440123
4081,75.816
4082,87.75
4083,128.14875
4084,29.669
4085,53.3
4086,43.62416667
4087,46.85165215
4088,26.011
4089,49.735
4090,81.305
4091,72.31
4092,37.52933333
4093,95.994
4094,35.326
4095,66.084
4096,42.873
4097,42.021
4098,90.229
4099,34.187
4100,38.98
4101,135.305
4102,120.28
4103,41.697
4104,24.19
4105,61.923
4106,66.99516667
4107,26.37
4108,81.193
4109,63.868
4110,270.99
4111,60.073
4112,38.0515
4113,51.715
4114,45.538
4115,58.101
4116,56.474
4117,34.477
4118,143.5
4119,431.3
4120,75.17
4121,85.178
4122,107.7327183
4123,18.132
4124,46.8435
4125,61.076
4126,112.2027227
4127,28.18023485
4128,83.687
4129,70.788
4130,39.812
4131,140.6
4132,131.0216667
4133,76.795
4134,57.461
4135,76.018
4136,13.968
4137,103.255
4138,104.97
4139,93.57
4140,32.242
4141,26.825
4142,110.135
4143,44.855
4144,79.7516
4145,131.8183333
4146,57.529
4147,549.5
4148,296.3
4149,138.0502063
4150,20.13807143
4151,81.03309524
4152,24.052
4153,185.29
4154,21.908
4155,69.295
4156,102.614
4157,79.022
4158,166
4159,26.73033333
4160,85.186
4161,90.844
4162,23.18981818
4163,65.7775
4164,44.75546234
4165,296.3
4166,42.962
4167,61.94133333
4168,16.651
4169,105.5547
4170,43.984
4171,135.44
4172,31.49122057
4173,92.975
4174,33.14889799
4175,55.312
4176,62.957
4177,47.679
4178,118.19
4179,76.37
4180,69.121
4181,92.71370635
4182,182.4
4183,120.56
4184,49.615
4185,162.9
4186,54.038
4187,86.6044
4188,73.848
4189,35.589
4190,49.208
4191,92.254
4192,338.8
4193,75.891
4194,43.43
4195,465.1
4196,35.75166667
4197,129.2904249
4198,56.159
4199,115.377
4200,35.493
4201,49.3615
4202,25.6
4203,38.005
4204,34.57
4205,77.578
4206,33.08
4207,14.2
4208,25.86
4209,88.655
4210,33.305
4211,55.717
4212,33.444
4213,42.401
4214,45.836
4215,26.56766667
4216,18.538
4217,75.11
4218,161.4
4219,32.861
4220,91.848
4221,75.473
4222,55.307
4223,35.854
4224,49.448
4225,43.299
4226,75.587
4227,197.04
4228,369.8
4229,86.38366667
4230,254.6
4231,100.648
4232,111.75
4233,48.446
4234,53.597
4235,16.271
4236,83.492
4237,111.8504762
4238,33.803
4239,35.361
4240,76.777
4241,139.81
4242,43.68
4243,77.86
4244,33.9845
4245,39.294
4246,107.5333333
4247,61.858
4248,55.3125
4249,15.495
4250,104.625
4251,258.87
4252,23.167
4253,86.63
4254,35.154
4255,32.068
4256,47.871
4257,80.925
4258,74.28166667
4259,32.242
4260,55.741
4261,52.02
4262,31.365
4263,92.61
4264,91.12
4265,70.241
4266,64.04
4267,65.593
4268,108.672
4269,81.74
4270,100.232
4271,112.399
4272,43.28133333
4273,181.01
4274,35.195
4275,117.838
4276,63.798
4277,275.71
4278,69.3017
4279,54.059
4280,67.149
4281,228.677
4282,52.35
4283,65.074
4284,192.441
4285,241.572
4286,32.021
4287,109.87
4288,26.129
4289,43.24904762
4290,21.639
4291,119.4
4292,14.839
4293,148.85
4294,109.96
4295,70.978
4296,50.761
4297,136.94
4298,195.1
4299,86.519
4300,18.8164
4301,126.4005
4302,27.86153605
4303,65.44
4304,75.523
4305,33.073
4306,52.12
4307,60.671
4308,16.122
4309,62.203
4310,78.56
4311,124.14
4312,32.296
4313,255.44
4314,45.17
4315,29.58786905
4316,83.125
4317,30.669
4318,12.515
4319,91.114
4320,91.93783333
4321,201.22
4322,29.393
4323,54.87
4324,81.68
4325,34.509
4326,40.204
4327,43.157
4328,83
4329,49.46
4330,214
4331,61.58
4332,59.899
4333,60.7138
4334,39.632
4335,63.919
4336,346.6
4337,49.9717
4338,16.883
4339,66.956
4340,366.5
4341,44.038
4342,70.34
4343,72.715
4344,52.484
4345,44.309
4346,57.786
4347,90.21
4348,255.5
4349,102.811
4350,36.525
4351,124.2723218
4352,35.29
4353,148.118
4354,43.51
4355,97.833
4356,24.488
4357,68.15
4358,52.18788571
4359,47.08
4360,73.445
4361,164.5
4362,58.98
4363,14.964
4364,52.276
4365,114.782
4366,89.766
4367,56.65
4368,71.389
4369,34.565
4370,60.053
4371,189.6
4372,159.35
4373,54.77
4374,67.805
4375,33.784
4376,55.599
4377,52.181
4378,46.514
4379,75.526
4380,139.62
4381,34.8897
4382,145.52
4383,39.63
4384,96.473
4385,55.83785714
4386,43.399
4387,125.559
4388,40.452
4389,354
4390,38.572
4391,41.095
4392,393.725
4393,59.372
4394,232.9416667
4395,200.46
4396,40.836
4397,31.821
4398,80.359
4399,40.885
4400,135.31
4401,48.239
4402,126.52
4403,42.551
4404,37.213
4405,38.84642857
4406,22.201
4407,198.40425
4408,53.988
4409,45.959
4410,112.568
4411,120.535
4412,21.358
4413,210.7
4414,189.35
4415,93.79
4416,118.24
4417,29.89
4418,30.762
4419,22.41
4420,15.27
4421,79.23666667
4422,75.96454184
4423,82.29
4424,35.653
4425,35.89630952
4426,29.333
4427,78.04633333
4428,238.3
4429,280.6
4430,40.988
4431,185.128
4432,100.8
4433,98.757
4434,64
4435,177.2
4436,108.44
4437,45.019
4438,65.69
4439,182.2
4440,94.921
4441,110.6
4442,70.914
4443,39.01041667
4444,19.3525
4445,52.427
4446,129.172
4447,37.484
4448,32.0575
4449,42.28
4450,71.183
4451,75.982
4452,57.831
4453,80.643
4454,71.54116667
4455,27.572
4456,21.902
4457,148.45
4458,75.96454184
4459,88.847
4460,29.85587879
4461,62.341
4462,202.84
4463,51.668
4464,24.999
4465,151.945
4466,29.27357143
4467,99.945
4468,54.194
4469,104.308
4470,36.422
4471,87.58466667
4472,126.936
4473,46.451
4474,60.011
4475,27.477
4476,26.954
4477,96.9
4478,44.87
4479,27.92752381
4480,175.2
4481,167
4482,54.452
4483,46.39
4484,64.8116
4485,52.164
4486,41.135
4487,77.423
4488,33.7
4489,67.264
4490,44.754
4491,420.6
4492,63.273
4493,56.263
4494,72.876
4495,26.79
4496,48.764
4497,50.814
4498,34.18258333
4499,82.155
4500,84.83
4501,40.04816667
4502,77.092
4503,200.2
4504,39.406
4505,194
4506,58.702
4507,126.44
4508,153.32
4509,111.3
4510,75.852
4511,66.257
4512,123.14
4513,33.34
4514,182.17
4515,39.87214286
4516,16.817
4517,22.97266667
4518,31.174
4519,40.05
4520,34.37666667
4521,47.5265
4522,55.253
4523,159.91
4524,51.432
4525,101.74
4526,19.702
4527,21.776
4528,55.914
4529,33.726
4530,63.252
4531,204.572
4532,49.495
4533,41.527
4534,79.083
4535,29.023
4536,62.938
4537,62.917
4538,87.12
4539,156.2893333
4540,68.599
4541,29.568
4542,16.07533333
4543,23.347
4544,58.444
4545,38.91
4546,60.08
4547,35.904
4548,26.701
4549,41.553
4550,30.275
4551,75.615
4552,11.979
4553,70.88
4554,37.444
4555,97.495
4556,82.785
4557,97.597
4558,121.768
4559,94.16
4560,61.165
4561,77.2851619
4562,1463.606667
4563,67.28
4564,20.893
4565,47.21
4566,98.606
4567,163.1
4568,108.44
4569,161.4
4570,50.366
4571,88.8
4572,32.79
4573,41.597
4574,48.314
4575,48.99983333
4576,418.8
4577,35.37542857
4578,44.22578571
4579,210.7
4580,90.029
4581,91.56
4582,233.8333333
4583,59.424
4584,43.4
4585,83.84
4586,40.94095
4587,210.99
4588,95.396
4589,62.691
4590,183
4591,101.642
4592,92.303
4593,50.387
4594,68.39
4595,563.4
4596,76.7806
4597,106
4598,111.0333333
4599,73.39
4600,31.774
4601,73.53
4602,51.11233333
4603,102.82
4604,49.83
4605,32.261
4606,78.6
4607,37.87
4608,20.712
4609,68.199
4610,241.9
4611,14.241
4612,212.33
4613,28.305
4614,83.39166667
4615,85.772
4616,52.571
4617,118.86
4618,53.588
4619,54.974
4620,75.304
4621,150.565
4622,131.39
4623,43.505
4624,114.42
4625,27.435
4626,22.47171429
4627,90.253
4628,53.094
4629,25.847
4630,17.354
4631,86.507
4632,69.792
4633,52.388
4634,61.91933333
4635,66.922
4636,21.789
4637,59.30066667
4638,35.93226389
4639,81.665
4640,100.16
4641,29.986
4642,69.405
4643,63.144
4644,95.074
4645,34.114
4646,43.32416667
4647,27.44
4648,83.274
4649,47.99
4650,20.804
4651,91.716
4652,915.8
4653,30.154
4654,43.574
4655,32.44
4656,45.572
4657,29.883
4658,90.864
4659,30.917
4660,19.36583333
4661,44.59519048
4662,72.01
4663,18.68
4664,98.15
4665,65.34
4666,50.006
4667,36.65
4668,51.84
4669,71.65
4670,42.231
4671,109.982
4672,83.435
4673,75.27
4674,245.9
4675,109.916
4676,62.729
4677,131.5
4678,51.267
4679,243.3
4680,40.94544444
4681,62.511
4682,41.826
4683,176.3
4684,44.32
4685,102.599
4686,48.41
4687,29.97133333
4688,180.2
4689,20.156
4690,35.78914286
4691,34.1
4692,102.695
4693,42.82
4694,139.74
4695,72.589
4696,71.49883333
4697,18.655
4698,22.19766667
4699,26.98
4700,30.008
4701,22.16
4702,34.54
4703,70.8004
4704,99.28
4705,43.479
4706,45.12
4707,28.97
4708,256.3
4709,27.24880556
4710,96.696
4711,108.464
4712,105.705
4713,44.79
4714,84.111
4715,265.5
4716,154.37
4717,181.53
4718,72.916
4719,35.237
4720,68.91
4721,153.315
4722,27.988
4723,36.276
4724,54.58
4725,113.48
4726,122.549
4727,186.82
4728,60.728
4729,139.45
4730,63.474
4731,205.6
4732,82.473
4733,31.01533333
4734,99.11
4735,204.95
4736,98.425
4737,53.81
4738,72.19552381
4739,234.915
4740,77.954
4741,19.64583333
4742,43.88
4743,62.972
4744,58.1
4745,67.71733333
4746,107.784
4747,202.5
4748,24.93333333
4749,26.985
4750,63.539
4751,51.66016667
4752,60.876
4753,52.84
4754,120.4333333
4755,40.076
4756,78.255
4757,102.22
4758,35.439
4759,67.544
4760,34.832
4761,34.548
4762,252.7
4763,335.3
4764,259.4
4765,196.74
4766,84.95
4767,65.09
4768,290.4
4769,36.045
4770,87.94
4771,115.624
4772,82.889
4773,44.915
4774,244.9
4775,63.023
4776,48.643
4777,94.898
4778,22.894
4779,111.741
4780,35.059
4781,32.855
4782,152.505
4783,23.507
4784,159.238
4785,88.442
4786,25.675
4787,37.087
4788,49.261
4789,74.87
4790,52.3
4791,166.03
4792,24.655
4793,77.474
4794,28.11
4795,27.07
4796,93.452
4797,50.116
4798,39.318
4799,267.1
4800,132.6
4801,91.749
4802,48.957
4803,64.5872
4804,31.691
4805,197.19
4806,43.044
4807,30.96619048
4808,23.03381349
4809,25.288
4810,237.5
4811,29.043
4812,38.868
4813,29.739
4814,139.548
4815,56.922
4816,84.34
4817,74.396
4818,31.287
4819,79.82
4820,36.794
4821,29.22833333
4822,48.178
4823,12.9
4824,109.43
4825,76.667
4826,42.59
4827,49.928
4828,166.3
4829,58.552
4830,37.961
4831,35.855
4832,61.626
4833,24.944
4834,45.15
4835,38.055
4836,56.38
4837,158.05
4838,34.215
4839,41.6410303
4840,41.856
4841,107.6
4842,21.668
4843,27.097
4844,258.96
4845,36.664
4846,131.11
4847,144.203
4848,116.7653333
4849,82.362
4850,59.6
4851,179.1
4852,96.195
4853,62.755
4854,21.473
4855,125.791
4856,36.268
4857,40.702
4858,53.115
4859,35.81
4860,33.949
4861,12.236
4862,85.913
4863,16.817
4864,24.665
4865,32.46
4866,48.51
4867,26.28
4868,33.21625
4869,52.139
4870,61.32
4871,77.847
4872,145.439
4873,63.519
4874,116.259
4875,48.334
4876,114.49
4877,35.08
4878,20.489
4879,112.48
4880,56.817
4881,45.395
4882,56.315
4883,103.439
4884,56.09
4885,87.374
4886,35.746
4887,76.767
4888,144.203
4889,90.634
4890,30.277
4891,53.45
4892,58.397
4893,74.79
4894,772.9766667
4895,9.421
4896,35.786
4897,56.702
4898,150.5
4899,78.8
4900,90.229
4901,115.945
4902,48.582
4903,37.40291667
4904,37.3445
4905,146.03
4906,65.528
4907,19.51995238
4908,1139.3
4909,71.747
4910,15.479
4911,57.494
4912,98.98
4913,55.706
4914,129.87
4915,77.17566667
4916,119.09
4917,141.0416667
4918,162.8
4919,71.202
4920,59.71
4921,178.4
4922,38.527
4923,79.326
4924,20.514
4925,46.432
4926,44.22578571
4927,51.505
4928,45.574
4929,91.869
4930,49.52725
4931,73.294
4932,30.8425
4933,126.0673735
4934,71.811
4935,181
4936,35.18
4937,19.64583333
4938,91.316
4939,161.04
4940,147.82
4941,41.195
4942,61.092
4943,36.207
4944,66.06666667
4945,23.806
4946,29.842
4947,65.30942857
4948,52.834
4949,48.484
4950,30.38606905
4951,42.1
4952,76.322
4953,66.728
4954,177.003
4955,47.764
4956,24.51966667
4957,33.976
4958,37.153
4959,90.098
4960,121.079
4961,177.87
4962,324.6
4963,48.769
4964,94.329
4965,62.623
4966,81.53
4967,45.959
4968,53.70033333
4969,52.619
4970,21.45033333
4971,167.245
4972,23.626
4973,36.393
4974,37.552
4975,167.24
4976,231.95675
4977,66.069
4978,39.951
4979,73.445
4980,57.543
4981,154.15
4982,41.554
4983,72.51598847
4984,221.782
4985,18.736
4986,106.4
4987,250.3
4988,46.879
4989,59.041
4990,89.245
4991,79.234
4992,43.572
4993,75.721
4994,34.234
4995,135.3
4996,49.55
4997,33.192
4998,730.73
4999,54.57
5000,71.87466667
5001,157.25
5002,28.431
5003,34.823
5004,54.8122
5005,59.852
5006,49.38822327
5007,82.62
5008,103.56
5009,71.434
5010,230.015
5011,30.685
5012,40.872
5013,17.82283333
5014,95.5298
5015,36.135
5016,120.67
5017,28.751
5018,282.4
5019,55.41385247
5020,210.039
5021,24.306
5022,69.025
5023,44.16516667
5024,51.62866667
5025,43.534
5026,49.762
5027,41.897
5028,108.32
5029,132.2
5030,45.2
5031,25.379
5032,38.654
5033,52.65
5034,31.4885
5035,378.2
5036,55.26
5037,81.615
5038,146.22
5039,40.928
5040,34.825
5041,52.335
5042,140.026381
5043,34.695
5044,111.7
5045,30.725
5046,51.425
5047,29.973
5048,77.536
5049,68.15466667
5050,44.295
5051,51.033
5052,67.971
5053,17.339
5054,164.5
5055,40.076
5056,103.575
5057,301.8
5058,69.79
5059,15.877
5060,42.486
5061,12.19
5062,464.8
5063,184.788
5064,62.018
5065,68.749
5066,40.076
5067,64.24708333
5068,111.77
5069,52.45
5070,37.259
5071,152.3
5072,21.42
5073,77.522
5074,61.494
5075,373.15
5076,85.587
5077,51.312
5078,33.279
5079,53.328
5080,59.111
5081,97.235
5082,92.72
5083,104.9
5084,51.846
5085,49.85118182
5086,32.831
5087,120.67
5088,98.82
5089,121.6233333
5090,235.5
5091,24.856
5092,72.22333333
5093,28.868
5094,165.4
5095,83.41121032
5096,40.208
5097,41.38
5098,205.55
5099,32.73
5100,27.922
5101,61.172
5102,96.65
5103,69.875
5104,64.779
5105,89.02533333
5106,110.748
5107,29.537
5108,90.96
5109,101.71
5110,132.4066667
5111,73.58
5112,55.608
5113,73.538
5114,131.305
5115,234
5116,164.86
5117,28.129
5118,23.869
5119,83.565
5120,66.687
5121,27.585
5122,152.12
5123,58.66
5124,31.10191288
5125,76.322
5126,45.821
5127,43.361
5128,63.933
5129,146.07
5130,123.4466667
5131,98.086
5132,64.84
5133,11.308
5134,47.451
5135,63.538
5136,228.7162857
5137,157.123
5138,65.22
5139,35.319
5140,52.639
5141,52.527
5142,261.11
5143,56.674
5144,82.317
5145,94.411
5146,104.274
5147,20.011
5148,116.276
5149,85.965
5150,101.681
5151,59.335
5152,81.92225
5153,102.555
5154,98.5
5155,131.56
5156,96.827
5157,66.816
5158,61.1304143
5159,116.04
5160,35.329
5161,33.447
5162,73.429
5163,53.5
5164,71.554
5165,72.678
5166,100.37
5167,374.82
5168,24.684
5169,18.06
5170,116.5963333
5171,40.484
5172,29.02192743
5173,37.0721
5174,147.95
5175,32.241
5176,80.245
5177,43.48
5178,18.759
5179,88.096
5180,52.097
5181,234.5575
5182,49.165
5183,36.181
5184,60.95566667
5185,78.634
5186,53.814
5187,46.58733333
5188,84.83
5189,11.483
5190,140.005
5191,133.21
5192,57.759
5193,48.655
5194,42.5
5195,43.106
5196,65.74
5197,161
5198,74.687
5199,36.903
5200,145.8
5201,32.736
5202,93.79
5203,71.682
5204,188
5205,64.27
5206,97.69333333
5207,21.50433333
5208,264.07
5209,57.199
5210,93.545
5211,32.39772222
5212,260.32
5213,62.738
5214,95.44
5215,141.785
5216,35.33
5217,33.28
5218,30.551
5219,36.54533333
5220,110.5743333
5221,154.035
5222,33.142
5223,226.1828571
5224,42.143
5225,36.311
5226,89.89
5227,31.19
5228,64.708
5229,41.512
5230,27.779
5231,30.209
5232,38.068
5233,34.608
5234,129.45
5235,57.904
5236,237.06
5237,135.15
5238,36.968
5239,65.049
5240,46.34
5241,57.538
5242,92.077
5243,92.079
5244,39.03907407
5245,75.685
5246,21.052
5247,65.493
5248,41.122
5249,43.3675
5250,96.2
5251,81.18
5252,122.954
5253,44.58
5254,56.193
5255,54.985
5256,117.805
5257,97.93833333
5258,16.591
5259,30.276
5260,52.361
5261,82.93
5262,31.065
5263,76.432
5264,56.271
5265,155.195
5266,22.12
5267,20.86233333
5268,389.92
5269,58.8914
5270,38.255
5271,113.97
5272,224.07
5273,43.28673485
5274,94.889
5275,45.9
5276,74.729
5277,55.22
5278,38.73
5279,35.11833333
5280,27.996
5281,68.79677778
5282,29.12309109
5283,75.921
5284,75.06566667
5285,138.42
5286,73.87
5287,54.386
5288,79.432
5289,62.211
5290,97.381
5291,36.021
5292,25.812
5293,35.129
5294,345.8
5295,25.965
5296,31.716
5297,41.78
5298,39.82
5299,73.849
5300,17.484
5301,30.53757143
5302,62.15
5303,36.21416667
5304,125.91
5305,41.725
5306,31.15
5307,110.52
5308,55.945
5309,107.784
5310,81.834
5311,32.61
5312,54.934
5313,90.245
5314,19.61
5315,66.87
5316,53.381
5317,55.565
5318,40.059
5319,96.184
5320,148.39
5321,34.402
5322,31.895
5323,59.329
5324,41.96
5325,109.417
5326,133.312
5327,179.3
5328,51.189
5329,107.7327183
5330,205.9
5331,39.501
5332,158.93
5333,42.38
5334,200.459
5335,56.985
5336,22.675
5337,40.276
5338,20.206
5339,89.58928571
5340,56.905
5341,45.127
5342,125
5343,63.862
5344,124.99
5345,177.97
5346,86.88
5347,99.338
5348,64.16
5349,225.15
5350,50.659
5351,29.295
5352,187.35
5353,204.56
5354,257.72
5355,22.448
5356,30.09
5357,75.596
5358,351.06
5359,41.85
5360,59.52766667
5361,68.50366667
5362,179.3
5363,19.089
5364,135.1895062
5365,37.182
5366,73.978
5367,39.11
5368,20.133
5369,51.36
5370,116.594
5371,64.041
5372,184.8
5373,130.33
5374,156.14
5375,130
5376,60.627
5377,22.675
5378,181
5379,35.18
5380,879.1
5381,120.53
5382,72.845
5383,318.1
5384,63.693
5385,51.243
5386,109.093
5387,46.374
5388,103.677
5389,87.495
5390,24.6755
5391,69.495
5392,32.218
5393,45.825
5394,129.869
5395,42.503
5396,54.53
5397,62.319
5398,72.513
5399,85.322
5400,34.7
5401,89.268
5402,85.41905828
5403,215.3
5404,42.773
5405,73.743
5406,50.41166667
5407,92.26
5408,24.82938413
5409,74.977
5410,220.62
5411,38.754
5412,36.858
5413,222.058
5414,16.289
5415,82.19
5416,39.125
5417,51.795
5418,237.9
5419,48.362
5420,58.965
5421,495.9
5422,205.34
5423,182.05
5424,159.7
5425,43.58875
5426,41.2314
5427,81.92166667
5428,53.954
5429,130
5430,35.962
5431,97.089
5432,35.353
5433,125.606
5434,46.4337381
5435,73.74
5436,232.5
5437,20.429
5438,37.2428
5439,26.15908333
5440,124.3466667
5441,47.198
5442,150.485
5443,116.812
5444,45.33
5445,215.8
5446,49.614
5447,75.65
5448,174.2
5449,45.46914286
5450,40.91
5451,46.95701111
5452,156.2893333
5453,61.71
5454,205.55
5455,109.98
5456,98.404
5457,20.904
5458,49.986
5459,71.92
5460,63.882
5461,85.41905828
